Nick,Ip
Overlord,10.4.9.91
The_Doctor,10.4.9.65
tyrionisawesome,10.4.9.33
buckyball..,10.4.9.212
EnigMaXX,10.4.9.193
Leonardo,10.4.9.115
sdgsgsdfdkjdgfdfbhdfhdnsefoksnmfgj,10.4.8.99
:),10.4.8.45
theProfessor,10.4.8.35
Skyhawk,10.4.8.244
_shinigami,10.4.8.22
SlenderMan,10.4.8.183
Enticer,10.4.7.92
Desperado,10.4.7.83
TheNightmanCometh1,10.4.7.79
bhaskar_sober_hai,10.4.7.55
bnaa,10.4.7.50
ukmiuk,10.4.7.39
josefk.,10.4.7.192
GodOfAtheist1,10.4.7.191
linuxma,10.4.7.180
Sloth,10.4.7.151
Pogba,10.4.7.142
Hit(PureProgress),10.4.7.134
JaiMooGod,10.4.7.117
longclaw7,10.4.7.113
ProtonHood,10.4.7.111
saagaa,10.4.7.108
Stratocaster,10.4.6.83
rektify,10.4.6.79
Phoenix_,10.4.6.71
i_am,10.4.6.59
McLovin,10.4.6.38
!!!NeMeSiS!!!,10.4.6.38
iota,10.4.6.251
Mark7_Jr,10.4.6.221
H@DES,10.4.6.187
enormous,10.4.6.170
dntknowd,10.4.6.167
snorlax,10.4.6.145
ajknbar,10.4.6.12
qwertty,10.4.6.105
Oranos,10.4.6.101
OG,10.4.5.92
Failure,10.4.5.78
Punisher,10.4.5.65
qwertyuiop2,10.4.5.43
Cobalt,10.4.5.29
ProxyRoxy,10.4.5.21
Doorislocked,10.4.5.199
dante@06,10.4.5.195
gg.gz,10.4.5.145
kkpp,10.4.5.124
FELICITY_SMOAK,10.4.5.115
Lorenzo_Von_Matterhorn,10.4.5.112
i_am_groot,10.4.5.111
!Lucifer!!,10.4.5.108
oggy,10.4.12.79
PehchanKaun??,10.4.12.77
Mandir_Yahi_Banega,10.4.12.60
aaargh,10.4.12.56
bat7,10.4.12.48
RajaBabu,10.4.12.229
Dexter,10.4.12.226
A.I.M,10.4.12.214
GrimReoiukujbn,10.4.12.21
Rb7,10.4.12.208
RAandome3sssss,10.4.12.176
SlySeeker,10.4.12.173
gazixxxx,10.4.12.169
bababkchod,10.4.12.158
Hallelujah,10.4.12.136
Primalr3d_ki_mamisss,10.4.12.121
bear,10.4.12.102
sachin,10.4.11.63
Confused_Snoring,10.4.11.40
bartimaeus42,10.4.11.19
IroIro,10.4.11.179
porn_baba,10.4.11.172
AchhaHai,10.4.11.162
as,10.4.11.162
QuentinWills,10.4.11.158
Yo-_-Yofunny,10.4.11.15
Silent_Assassin,10.4.11.106
perry,10.4.10.25
Esketitttt,10.4.10.165
Vedang1,10.4.10.144
rammandir,10.4.10.126
ANGMAS,10.4.10.119
snapapapapapapp,10.3.9.88
Nygma,10.3.9.83
Moony,10.3.9.54
ZeusGamer,10.3.9.40
darkelfdruid,10.3.9.34
LmaoWtf,10.3.9.30
killer4201121,10.3.9.224
bartlett,10.3.9.220
jonsnow0,10.3.9.114
Trenzalore,10.3.16.86
Zeref,10.3.16.78
panda,10.3.16.73
lulubhai,10.3.16.67
revamped,10.3.16.64
meh,10.3.16.57
DCUser,10.3.16.29
rinnegan2,10.3.16.27
Levenstein,10.3.16.23
goti,10.3.16.18
Flashbang!!!,10.3.15.96
the_wireee,10.3.15.86
beach,10.3.15.76
Ish,10.3.15.51
soulextractor,10.3.15.46
blackborder3,10.3.15.45
Moon_Sculptor,10.3.15.29
CardThrower,10.3.15.19
duhh0hh425,10.3.14.34
Savitar608,10.3.13.57
Chemical_Me_Bada_Scope_Ha,10.3.12.94
lknadsflkmsa,10.3.12.84
the_dark_passenger,10.3.12.57
_lethIfer_,10.3.12.56
Baghira,10.3.12.23
Batman,10.3.12.21
girgehh...,10.3.12.134
Dancing_Ninja,10.3.12.129
Haunted,10.3.12.110
Khulle_Chhutte,10.3.12.103
randirona,10.3.10.82
Rapture,10.3.10.67
De@thacker,10.3.10.40
M@estro,10.3.10.38
nigga69,10.3.10.21
abcdddddddd,10.3.15.66
LIGHTBOLT_10,10.3.10.170
meh..,10.3.16.246
"dnbsa,dm.a",10.4.12.63
Lamb,10.4.5.87
ben10,10.3.12.105
Thakur_Sahab,10.4.9.209
Friez,10.4.11.56
kenadams,10.4.5.125
pencil,10.4.7.188
solitary_falcon12345,10.4.9.131
cream1,10.4.5.191
Greay,10.3.14.221
jeentapakdumdum,10.4.9.53
Zorro7,10.4.11.132
SplashBro!,10.3.16.12
sabre315,10.3.9.195
Iambatman369,10.4.5.130
Victorious_Secret,10.3.16.83
Shinichi,10.4.5.75
djdjjyk,10.4.7.161
YourDad,10.4.8.54
TheNoiBish,10.4.9.18
6253162511,10.4.6.103
EngiNerd,10.4.12.17
upsilon`,10.4.8.84
TheLastKnight,10.4.6.20
Demon,10.4.5.106
AgentP,10.4.12.100
__bang__,10.4.8.97
Primalr3d,10.4.12.46
Luffy12,10.4.6.92
DeFaLT,10.4.12.191
sims,10.3.12.108
~katappa!~,10.4.12.82
Mansnothot9,10.4.9.222
998wo,10.4.11.150
Hit,10.4.6.189
bhdlkkkllbfcg,10.4.9.114
liZa,10.3.11.69
marvel,10.4.11.149
Razor_Blade,10.3.15.87
FlourishAndBlotts,10.4.9.159
shiamii,10.3.15.67
Electrovert,10.4.8.181
Mr.ThanksGiving,10.4.7.129
Bluten11,10.4.12.27
variant,10.3.12.52
fre.AK,10.4.9.215
Rock_D,10.4.11.60
hibbi-dubba,10.4.9.161
thelizardppl,10.2.4.62
hashtag,10.4.5.215
Cool_1,10.4.10.52
Death_Strok,10.4.10.171
jhkjjjkkl678,10.3.14.140
Louis_LITTTT,10.3.15.41
M.A.C.H.I.N.E,10.4.9.167
green_arrow2134,10.3.12.32
Szeth..,10.4.6.55
jfhcdj,10.4.11.136
gloa,10.4.12.103
Mr.Glass.,10.4.7.152
ELEPHANT,10.4.9.15
Gin,10.4.8.92
supreme,10.4.12.70
qwdqwdqwdv,10.4.7.149
easypezy...5,10.4.8.23
Negan,10.4.8.85
lalaalalall,10.4.5.88
Sheldon@cooper,10.4.12.22
art_vandelay,10.4.9.42
rgnreflnlfdiuvnr,10.3.15.53
DaakuMangalSingh,10.3.12.61
BalikaVadhu,10.4.12.25
gbbnm,10.4.5.66
thstrfex,10.4.6.115
LorenMalvo,10.3.16.36
Yo!!,10.4.6.171
toretto,10.4.5.52
ItachiUchiha,10.4.6.169
Alawww,10.4.9.166
Pikaachu,10.3.11.45
goldameir,10.4.12.147
hypexer,10.4.10.80
lone_ranger,10.4.8.20
ZZZZZZZZZZZZZZZZZZZZZagtyuhggjgjgjw,10.3.14.78
wat,10.4.12.114
ladeeda,10.3.10.162
Shubham0562,10.4.6.128
fumadore,10.4.8.108
HouseMD_3144,10.4.8.36
brutus,10.3.12.74
Was9mbhaii,10.4.6.161
caesar,10.4.6.223
790mysticio167,10.4.10.81
RDJ2144,10.3.14.64
Swarely,10.4.11.90
MaaKaBhosdaa,10.3.10.69
yhhgfvx,10.4.6.115
abey_gaandu,10.4.5.64
Sol_Invictus,10.4.12.61
SNORLAX_R395,10.4.6.145
easypezy...,10.4.8.23
dcawfa,10.4.7.149
hi,10.3.14.103
terror,10.3.9.71
Whitelord,10.3.13.54
theInfamous,10.4.8.62
Stickman,10.3.15.93
StarOdiN,10.3.10.87
showman,10.4.5.153
shaktimaan,10.3.11.46
SestiRendi,10.4.12.20
serpineslytherin,10.3.14.83
raja008,10.4.9.154
qwerfvngfdsdfg,10.4.5.168
Prometheus1234FGtg,10.4.7.77
PROF.PARADOX,10.4.7.96
PrinceConsuelaBananaHammock,10.4.11.43
Pascal,10.4.8.162
Narc,10.3.9.170
monk.,10.4.6.165
LedZep,10.4.12.37
itachi__uchihaa,10.4.6.173
IhaveChangedagainjjjj,10.4.11.117
hello,10.4.5.33
flame_alchemist,10.3.9.33
File_Peddler,10.3.10.89
Elf-Lord,10.4.11.77
ekdote,10.3.13.100
edm.19,10.3.13.95
earphone,10.3.14.72
dukibanaaaa,10.4.6.63
doctorstrange26,10.4.11.28
Devils_network,10.4.8.116
chris_,10.4.6.59
ChotaBheemcyvhojk,10.4.12.155
chivi,10.4.12.178
bujrfsfvfwk,10.4.6.57
Blueoodi,10.3.14.93
BigBadWolf3,10.4.6.158
BigBadWolf,10.4.6.158
bevo1,10.4.11.65
BertieWooster,10.4.12.10
baburao_ganpatrao_apte,10.4.8.93
ayehaye,10.4.8.118
Arcai,10.3.9.193
addy,10.4.8.37
abeyyy,10.3.12.27
abc1234,10.4.7.181
299792458,10.4.10.28
_Kingfisher_...,10.4.5.120
#Kira,10.4.9.122
zaheer,10.4.12.129
yayme,10.3.14.49
whitwalkerrr,10.4.6.64
white_shadow,10.4.5.207
vgirlfriend,10.3.14.55
vegito,10.4.7.51
username_chor,10.3.9.97
"UdtaPUNJAB,,",10.4.9.111
Tweety,10.3.14.37
tony_montana,10.4.9.113
TheNeph1,10.4.6.160
The_Dracul,10.4.9.113
supremo1234,10.3.12.96
Squirtle_turtlE,10.4.9.141
SlugBug,10.4.9.120
simi_kk,10.4.12.138
shroomking,10.4.8.88
sexualharrasmentpanda!,10.4.8.127
S1237,10.4.9.119
Riemann,10.4.6.187
random123456789,10.3.13.73
Pulsar,10.3.12.31
prt,10.3.9.56
PlatyPussy,10.4.10.79
PhantomPain,10.4.7.145
Patrao,10.3.11.80
P7T#0NGD,10.3.13.66
OnumBarr,10.4.12.55
onthbit,10.4.5.99
nigger,10.4.8.88
neoreloaded,10.4.5.198
naruto_529,10.3.9.199
Moddaguduvu123,10.4.10.32
maxwelll,10.4.5.97
Mark42,10.4.12.31
M213121,10.3.9.132
laud_lele_bc_bc,10.4.7.82
KunF111,10.4.10.11
KK,10.4.5.196
kira_lelo,10.3.9.124
kekkeiG,10.4.7.36
jw,10.4.7.119
jt,10.1.3.165
JJoo7,10.3.11.68
jbl,10.4.6.51
jawani_bulbula_hai5,10.3.12.93
iron__Man,10.4.6.74
Iord,10.4.9.167
insidious,10.4.12.194
hygfc,10.4.5.105
hmmmmmm,10.4.5.56
hjhjhjhjhhjhjhjhj,10.4.6.207
Henry98,10.4.12.201
Hendricks,10.4.11.77
hashtag2,10.4.5.215
hardcorefireboy,10.4.6.185
halelujah,10.4.9.199
gssdf,10.4.6.97
GreenBottle,10.3.13.71
Govinda,10.3.16.82
ghostriderboom,10.4.10.62
ghjfjdfg,10.3.12.83
ghfgh,10.4.8.28
GaanduCGPA,10.3.12.28
fyfyfyfyfyfyfy,10.4.8.178
fwpihfunhvhduiohvd,10.4.6.116
fusheuhf,10.4.5.144
fuckyouqaz,10.4.8.21
FuckSociety1,10.4.7.32
flame_alchemist009,10.3.9.33
fevikwik,10.4.12.42
fdsf,10.4.12.132
FATE!4,10.4.5.96
encyclopedia,10.4.8.195
dum_dum,10.4.9.29
DrHouse,10.4.7.15
DIEfshsha,10.4.12.161
desjfsjgsrgdasfa,10.4.6.170
Deathstroke,10.4.12.163
daredevilzz!!,10.4.8.150
DamnDaniel,10.4.5.139
daishinkan,10.4.12.177
dabaang,10.4.8.129
CorrectOrNot?,10.3.12.127
CorrectOrNot,10.3.12.127
coo,10.3.11.53
Clone,10.3.12.136
Chillio,10.3.12.55
bunnydsm,10.3.9.160
Brothar,10.4.6.108
Brotha,10.4.6.108
bluesbluesblues,10.3.12.12
bhaichup,10.3.10.82
bdfvjgff,10.4.6.94
baazziigarravsscjbakbvk,10.4.9.72
asca,10.4.7.20
aid,10.3.10.77
agni,10.4.9.205
addy1,10.4.8.37
A_myth,10.4.5.136
22_12xssz,10.4.9.104
123456helloworld,10.3.9.137
Vanguard1,10.4.12.109
morfogenic,10.4.10.21
Kuruko00,10.3.9.138
Khulle_Chutte,10.3.12.103
fuck_that_shit,10.4.6.37
bhuppp!!,10.4.9.133
DCnickk,10.4.7.72
wolfking01,10.4.7.89
Azure!!dxx,10.4.5.216
AxonDragonScale,10.4.11.41
