Nick,Ip
upsilon`,10.4.8.84
Riemann,10.4.6.187
DeFaLT,10.4.12.191
Primalr3d,10.4.12.46
Prometheus1234FGtg,10.4.7.77
laud_lele_bc_bc,10.4.7.82
DCnickk,10.4.7.72
Shinichi,10.4.5.75
Moon_Sculptor,10.3.15.29
asca,10.4.7.20
LedZep,10.4.12.37
Whitelord,10.3.13.54
YourDad,10.4.8.54
Nygma,10.3.9.83
fuck_that_shit,10.4.6.37
wolfking01,10.4.7.89
Swarely,10.4.11.90
brutus,10.3.12.74
Pulsar,10.3.12.31
blackborder3,10.3.15.45
Vanguard1,10.4.12.109
EnigMaXX,10.4.9.193
Arcai,10.3.9.193
Rapture,10.3.10.67
790mysticio167,10.4.10.81
Ish,10.3.15.51
Zeref,10.3.16.78
Pascal,10.4.8.162
Chemical_Me_Bada_Scope_Ha,10.3.12.94
Devils_network,10.4.8.116
theInfamous,10.4.8.62
Savitar608,10.3.13.57
gg.gz,10.4.5.145
josefk.,10.4.7.192
oggy,10.4.12.79
ELEPHANT,10.4.9.15
earphone,10.3.14.72
Silent_Assassin,10.4.11.106
SNORLAX_R395,10.4.6.145
Azure!!dxx,10.4.5.216
Desperado,10.4.7.83
insidious,10.4.12.194
the_wireee,10.3.15.86
ghostriderboom,10.4.10.62
bear,10.4.12.102
iron__Man,10.4.6.74
KK,10.4.5.196
A_myth,10.4.5.136
SlugBug,10.4.9.120
AxonDragonScale,10.4.11.41
morfogenic,10.4.10.21
gloa,10.4.12.103
The_Doctor,10.4.9.65
H@DES,10.4.6.187
abey_gaandu,10.4.5.64
